197490,357,"2023-02-09"
189525,398,"2023-02-09"
124831,399,"2023-02-09"
197826,208,"2023-02-09"
197403,4,"2023-02-09"
198096,359,"2023-02-09"
125045,334,"2023-02-09"
204335,144,"2023-02-09"
237224,424,"2023-02-09"
197836,400,"2023-02-09"
96750,283,"2023-02-09"
197848,441,"2023-02-09"
197400,395,"2023-02-09"
197746,401,"2023-02-09"
197783,425,"2023-02-09"
197475,318,"2023-02-09"
197448,145,"2023-02-09"
204332,341,"2023-02-09"
113892,426,"2023-02-09"
197691,310,"2023-02-09"
125110,231,"2023-02-09"
202073,97,"2023-02-09"
124973,44,"2023-02-09"
124696,241,"2023-02-09"
197587,427,"2023-02-09"
124936,428,"2023-02-09"
96808,402,"2023-02-09"
24922,403,"2023-02-09"
197492,404,"2023-02-09"
197701,269,"2023-02-09"
197695,405,"2023-02-09"
197533,3,"2023-02-09"
28161,146,"2023-02-09"
124766,343,"2023-02-09"
197651,429,"2023-02-09"
197781,10,"2023-02-09"
197789,209,"2023-02-09"
131580,20,"2023-02-09"
197433,99,"2023-02-09"
197808,431,"2023-02-09"
197671,406,"2023-02-09"
197610,259,"2023-02-09"
124760,705,"2023-02-09"
132191,45,"2023-02-09"
197437,104,"2023-02-09"
124777,835,"2023-02-09"
197680,311,"2023-02-09"
197496,30,"2023-02-09"
197534,111,"2023-02-09"
197658,432,"2023-02-09"
124867,139,"2023-02-09"
197679,407,"2023-02-09"
23868,100,"2023-02-09"
197408,408,"2023-02-09"
197778,409,"2023-02-09"
197478,306,"2023-02-09"
197410,449,"2023-02-09"
197396,715,"2023-02-09"
4746,363,"2023-02-09"
197648,450,"2023-02-09"
197498,181,"2023-02-09"
23788,360,"2023-02-09"
197551,443,"2023-02-09"
96922,240,"2023-02-09"
197771,354,"2023-02-09"
124771,258,"2023-02-09"
197435,58,"2023-02-09"
197512,187,"2023-02-09"
124992,222,"2023-02-09"
197637,451,"2023-02-09"
197564,163,"2023-02-09"
96681,433,"2023-02-09"
197449,188,"2023-02-09"
124712,824,"2023-02-09"
197439,189,"2023-02-09"
197636,74,"2023-02-09"
125004,452,"2023-02-09"
197788,261,"2023-02-09"
101039,312,"2023-02-09"
112748,59,"2023-02-09"
187917,224,"2023-02-09"
197668,392,"2023-02-09"
197467,204,"2023-02-09"
197577,444,"2023-02-09"
226260,453,"2023-02-09"
197431,489,"2023-02-09"
197446,275,"2023-02-09"
197470,233,"2023-02-09"
182995,470,"2023-02-09"
197576,445,"2023-02-09"
128483,262,"2023-02-09"
125012,454,"2023-02-09"
4267,327,"2023-02-09"
197440,434,"2023-02-09"
197434,768,"2023-02-09"
96739,234,"2023-02-09"
197829,202,"2023-02-09"
28269,455,"2023-02-09"
35016,162,"2023-02-09"
126644,67,"2023-02-09"
96711,147,"2023-02-09"
197574,235,"2023-02-09"
199996,375,"2023-02-09"
96867,456,"2023-02-09"
28122,200,"2023-02-09"
197796,314,"2023-02-09"
28219,70,"2023-02-09"
28390,457,"2023-02-09"
86793,236,"2023-02-09"
197786,315,"2023-02-09"
197641,385,"2023-02-09"
197505,446,"2023-02-09"
236052,645,"2023-02-09"
197782,29,"2023-02-09"
197529,176,"2023-02-09"
124708,68,"2023-02-09"
197463,192,"2023-02-09"
124861,435,"2023-02-09"
197558,447,"2023-02-09"
204416,448,"2023-02-09"
197507,474,"2023-02-09"
183793,366,"2023-02-09"
197631,190,"2023-02-09"
197657,475,"2023-02-09"
124988,458,"2023-02-09"
197536,459,"2023-02-09"
197683,706,"2023-02-09"
96775,460,"2023-02-09"
202352,775,"2023-02-09"
197616,367,"2023-02-09"
197503,287,"2023-02-09"
124856,335,"2023-02-09"
240478,476,"2023-02-09"
96880,854,"2023-02-09"
33997,477,"2023-02-09"
197588,34,"2023-02-09"
197654,336,"2023-02-09"
197394,478,"2023-02-09"
28372,361,"2023-02-09"
96809,461,"2023-02-09"
197731,220,"2023-02-09"
124835,337,"2023-02-09"
96747,37,"2023-02-09"
124821,66,"2023-02-09"
197608,368,"2023-02-09"
236050,584,"2023-02-09"
197556,161,"2023-02-09"
239262,313,"2023-02-09"
228604,479,"2023-02-09"
96891,480,"2023-02-09"
197504,494,"2023-02-09"
197531,339,"2023-02-09"
124714,825,"2023-02-09"
96868,386,"2023-02-09"
197472,164,"2023-02-09"
204333,296,"2023-02-09"
197468,321,"2023-02-09"
197453,387,"2023-02-09"
96826,826,"2023-02-09"
190774,502,"2023-02-09"
124709,495,"2023-02-09"
197579,481,"2023-02-09"
197473,503,"2023-02-09"
197822,707,"2023-02-09"
96787,110,"2023-02-09"
197510,504,"2023-02-09"
99945,505,"2023-02-09"
198329,482,"2023-02-09"
124693,483,"2023-02-09"
197766,393,"2023-02-09"
124873,42,"2023-02-09"
237465,484,"2023-02-09"
28226,303,"2023-02-09"
96725,62,"2023-02-09"
209091,485,"2023-02-09"
96852,322,"2023-02-09"
197430,497,"2023-02-09"
96842,486,"2023-02-09"
96811,506,"2023-02-09"
197535,507,"2023-02-09"
197649,508,"2023-02-09"
197589,498,"2023-02-09"
1917,300,"2023-02-09"
125046,331,"2023-02-09"
192634,499,"2023-02-09"
124833,838,"2023-02-09"
197480,210,"2023-02-09"
96810,253,"2023-02-09"
197607,410,"2023-02-09"
197720,40,"2023-02-09"
197419,340,"2023-02-09"
28353,411,"2023-02-09"
197414,198,"2023-02-09"
198490,308,"2023-02-09"
197513,349,"2023-02-09"
197455,509,"2023-02-09"
193273,389,"2023-02-09"
106936,390,"2023-02-09"
197391,28,"2023-02-09"
101585,487,"2023-02-09"
197795,839,"2023-02-09"
2341,298,"2023-02-09"
28150,827,"2023-02-09"
229352,436,"2023-02-09"
197702,529,"2023-02-09"
197632,191,"2023-02-09"
197582,370,"2023-02-09"
197717,377,"2023-02-09"
197742,530,"2023-02-09"
28298,6,"2023-02-09"
96991,329,"2023-02-09"
197628,207,"2023-02-09"
239255,369,"2023-02-09"
183916,437,"2023-02-09"
96833,140,"2023-02-09"
197794,842,"2023-02-09"
197416,319,"2023-02-09"
197819,270,"2023-02-09"
197436,511,"2023-02-09"
209140,500,"2023-02-09"
239256,260,"2023-02-09"
197804,856,"2023-02-09"
124807,512,"2023-02-09"
202036,513,"2023-02-09"
197443,501,"2023-02-09"
197694,281,"2023-02-09"
840,344,"2023-02-09"
197728,717,"2023-02-09"
197718,531,"2023-02-09"
125027,14,"2023-02-09"
204419,550,"2023-02-09"
125025,857,"2023-02-09"
197799,371,"2023-02-09"
124785,532,"2023-02-09"
197549,490,"2023-02-09"
94649,365,"2023-02-09"
197780,551,"2023-02-09"
197452,552,"2023-02-09"
197557,553,"2023-02-09"
204420,438,"2023-02-09"
197618,5,"2023-02-09"
197645,439,"2023-02-09"
197543,554,"2023-02-09"
96952,533,"2023-02-09"
88715,137,"2023-02-09"
198063,770,"2023-02-09"
96830,828,"2023-02-09"
23816,829,"2023-02-09"
197444,555,"2023-02-09"
197457,440,"2023-02-09"
198176,121,"2023-02-09"
34578,534,"2023-02-09"
197596,78,"2023-02-09"
197514,72,"2023-02-09"
193419,248,"2023-02-09"
96752,488,"2023-02-09"
2054,102,"2023-02-09"
135511,291,"2023-02-09"
125023,219,"2023-02-09"
197682,384,"2023-02-09"
197800,60,"2023-02-09"
197412,515,"2023-02-09"
197459,493,"2023-02-09"
124895,73,"2023-02-09"
124586,830,"2023-02-09"
197526,556,"2023-02-09"
96780,250,"2023-02-09"
197770,394,"2023-02-09"
197398,543,"2023-02-09"
124715,243,"2023-02-09"
122978,535,"2023-02-09"
218349,358,"2023-02-09"
5565,516,"2023-02-09"
197846,536,"2023-02-09"
197594,79,"2023-02-09"
58789,557,"2023-02-09"
197624,342,"2023-02-09"
221463,307,"2023-02-09"
197392,537,"2023-02-09"
96740,544,"2023-02-09"
96772,352,"2023-02-09"
197837,545,"2023-02-09"
197516,413,"2023-02-09"
124770,364,"2023-02-09"
189065,418,"2023-02-09"
28141,831,"2023-02-09"
197517,559,"2023-02-09"
112747,538,"2023-02-09"
125021,143,"2023-02-09"
197627,471,"2023-02-09"
197447,397,"2023-02-09"
197840,38,"2023-02-09"
197518,414,"2023-02-09"
197767,255,"2023-02-09"
197626,855,"2023-02-09"
125109,852,"2023-02-09"
96771,560,"2023-02-09"
197491,229,"2023-02-09"
96934,197,"2023-02-09"
96837,539,"2023-02-09"
197839,561,"2023-02-09"
197469,117,"2023-02-09"
4246,244,"2023-02-09"
197585,148,"2023-02-09"
197401,396,"2023-02-09"
124887,252,"2023-02-09"
191693,289,"2023-02-09"
125068,562,"2023-02-09"
197818,609,"2023-02-09"
22858,106,"2023-02-09"
96734,103,"2023-02-09"
96668,155,"2023-02-09"
197519,415,"2023-02-09"
197415,320,"2023-02-09"
197528,610,"2023-02-09"
197523,540,"2023-02-09"
197406,563,"2023-02-09"
197743,271,"2023-02-09"
197546,491,"2023-02-09"
197438,701,"2023-02-09"
23699,136,"2023-02-09"
197740,702,"2023-02-09"
197525,245,"2023-02-09"
197530,462,"2023-02-09"
197445,611,"2023-02-09"
96829,700,"2023-02-09"
124822,541,"2023-02-09"
130833,272,"2023-02-09"
197699,273,"2023-02-09"
118949,612,"2023-02-09"
97968,113,"2023-02-09"
197481,263,"2023-02-09"
124891,305,"2023-02-09"
197532,463,"2023-02-09"
197843,157,"2023-02-09"
197395,33,"2023-02-09"
197482,211,"2023-02-09"
124735,230,"2023-02-09"
28389,464,"2023-02-09"
197692,757,"2023-02-09"
125063,293,"2023-02-09"
124866,237,"2023-02-09"
204421,526,"2023-02-09"
197460,546,"2023-02-09"
197737,841,"2023-02-09"
197697,382,"2023-02-09"
96648,8,"2023-02-09"
1909,277,"2023-02-09"
38398,16,"2023-02-09"
197461,547,"2023-02-09"
197698,542,"2023-02-09"
230085,587,"2023-02-09"
124738,527,"2023-02-09"
197393,688,"2023-02-09"
197635,142,"2023-02-09"
95074,297,"2023-02-09"
23781,564,"2023-02-09"
204336,565,"2023-02-09"
23768,588,"2023-02-09"
1927,302,"2023-02-09"
197483,264,"2023-02-09"
124808,294,"2023-02-09"
197611,420,"2023-02-09"
197494,107,"2023-02-09"
96709,65,"2023-02-09"
125042,589,"2023-02-09"
197777,566,"2023-02-09"
28399,567,"2023-02-09"
228286,590,"2023-02-09"
197721,591,"2023-02-09"
124996,465,"2023-02-09"
197458,156,"2023-02-09"
124806,249,"2023-02-09"
205452,218,"2023-02-09"
197493,122,"2023-02-09"
197592,383,"2023-02-09"
197835,569,"2023-02-09"
197735,592,"2023-02-09"
197653,330,"2023-02-09"
4560,570,"2023-02-09"
190713,571,"2023-02-09"
197623,206,"2023-02-09"
33982,346,"2023-02-09"
209896,572,"2023-02-09"
197462,548,"2023-02-09"
197638,593,"2023-02-09"
197634,7,"2023-02-09"
124828,109,"2023-02-09"
96820,94,"2023-02-09"
96936,348,"2023-02-09"
208722,549,"2023-02-09"
24505,177,"2023-02-09"
124691,227,"2023-02-09"
197522,276,"2023-02-09"
98341,573,"2023-02-09"
38511,119,"2023-02-09"
197538,466,"2023-02-09"
197841,574,"2023-02-09"
204418,184,"2023-02-09"
197662,39,"2023-02-09"
130256,575,"2023-02-09"
197567,613,"2023-02-09"
96978,115,"2023-02-09"
236053,175,"2023-02-09"
118859,356,"2023-02-09"
193292,602,"2023-02-09"
190518,773,"2023-02-09"
120478,323,"2023-02-09"
125128,12,"2023-02-09"
197497,326,"2023-02-09"
197824,469,"2023-02-09"
197540,180,"2023-02-09"
236051,417,"2023-02-09"
24942,286,"2023-02-09"
212855,614,"2023-02-09"
197805,223,"2023-02-09"
124722,185,"2023-02-09"
124734,619,"2023-02-09"
197711,75,"2023-02-09"
72779,620,"2023-02-09"
28347,138,"2023-02-09"
124799,595,"2023-02-09"
197427,621,"2023-02-09"
197647,622,"2023-02-09"
124862,238,"2023-02-09"
124802,13,"2023-02-09"
28429,623,"2023-02-09"
190519,615,"2023-02-09"
125005,616,"2023-02-09"
88882,597,"2023-02-09"
233862,598,"2023-02-09"
239260,468,"2023-02-09"
197464,603,"2023-02-09"
124784,141,"2023-02-09"
4289,71,"2023-02-09"
124701,153,"2023-02-09"
197465,604,"2023-02-09"
197802,605,"2023-02-09"
197734,779,"2023-02-09"
238639,577,"2023-02-09"
202112,624,"2023-02-09"
124836,380,"2023-02-09"
28294,625,"2023-02-09"
107212,347,"2023-02-09"
197542,756,"2023-02-09"
197432,617,"2023-02-09"
237779,599,"2023-02-09"
28288,17,"2023-02-09"
197838,274,"2023-02-09"
197687,257,"2023-02-09"
30482,57,"2023-02-09"
234344,671,"2023-02-09"
197889,606,"2023-02-09"
129073,672,"2023-02-09"
125038,673,"2023-02-09"
99283,421,"2023-02-09"
124692,226,"2023-02-09"
125093,778,"2023-02-09"
28586,56,"2023-02-09"
36392,626,"2023-02-09"
197466,607,"2023-02-09"
124844,284,"2023-02-09"
197563,674,"2023-02-09"
197539,492,"2023-02-09"
197527,178,"2023-02-09"
197845,600,"2023-02-09"
197754,134,"2023-02-09"
197738,353,"2023-02-09"
124872,239,"2023-02-09"
124846,61,"2023-02-09"
112744,282,"2023-02-09"
28224,627,"2023-02-09"
40599,196,"2023-02-09"
197619,840,"2023-02-09"
136236,93,"2023-02-09"
197828,267,"2023-02-09"
197629,704,"2023-02-09"
204414,518,"2023-02-09"
197590,601,"2023-02-09"
197663,108,"2023-02-09"
38595,31,"2023-02-09"
124704,628,"2023-02-09"
197404,629,"2023-02-09"
197765,630,"2023-02-09"
204443,776,"2023-02-09"
125706,631,"2023-02-09"
239972,676,"2023-02-09"
197820,517,"2023-02-09"
202351,774,"2023-02-09"
197764,772,"2023-02-09"
124850,632,"2023-02-09"
188945,301,"2023-02-09"
197868,677,"2023-02-09"
197544,519,"2023-02-09"
96903,41,"2023-02-09"
197790,633,"2023-02-09"
96998,98,"2023-02-09"
197681,268,"2023-02-09"
197488,317,"2023-02-09"
103381,9,"2023-02-09"
229839,648,"2023-02-09"
197413,634,"2023-02-09"
218347,649,"2023-02-09"
197832,285,"2023-02-09"
4253,35,"2023-02-09"
229519,679,"2023-02-09"
206158,608,"2023-02-09"
96885,737,"2023-02-09"
96743,664,"2023-02-09"
197615,703,"2023-02-09"
197801,650,"2023-02-09"
125043,328,"2023-02-09"
197785,372,"2023-02-09"
4344,738,"2023-02-09"
197584,651,"2023-02-09"
197792,652,"2023-02-09"
197776,520,"2023-02-09"
204733,521,"2023-02-09"
197709,158,"2023-02-09"
197506,665,"2023-02-09"
125214,666,"2023-02-09"
204413,333,"2023-02-09"
96653,653,"2023-02-09"
197690,585,"2023-02-09"
197773,256,"2023-02-09"
127096,379,"2023-02-09"
197545,522,"2023-02-09"
204368,635,"2023-02-09"
125670,680,"2023-02-09"
197722,325,"2023-02-09"
24594,247,"2023-02-09"
124781,186,"2023-02-09"
197650,654,"2023-02-09"
197578,473,"2023-02-09"
112611,299,"2023-02-09"
28297,523,"2023-02-09"
197500,667,"2023-02-09"
37312,228,"2023-02-09"
213330,832,"2023-02-09"
197670,182,"2023-02-09"
190517,27,"2023-02-09"
197656,681,"2023-02-09"
197422,682,"2023-02-09"
96646,324,"2023-02-09"
125030,683,"2023-02-09"
124837,655,"2023-02-09"
28223,304,"2023-02-09"
197425,684,"2023-02-09"
197508,11,"2023-02-09"
197418,804,"2023-02-09"
197423,668,"2023-02-09"
197677,656,"2023-02-09"
197548,685,"2023-02-09"
124747,96,"2023-02-09"
103746,105,"2023-02-09"
197426,351,"2023-02-09"
96932,378,"2023-02-09"
197390,151,"2023-02-09"
197849,524,"2023-02-09"
197791,376,"2023-02-09"
204334,525,"2023-02-09"
124710,686,"2023-02-09"
197417,687,"2023-02-09"
185974,32,"2023-02-09"
197784,739,"2023-02-09"
124834,769,"2023-02-09"
197550,669,"2023-02-09"
125064,689,"2023-02-09"
197825,576,"2023-02-09"
124852,657,"2023-02-09"
239271,690,"2023-02-09"
124929,195,"2023-02-09"
58766,740,"2023-02-09"
197772,670,"2023-02-09"
134605,741,"2023-02-09"
197553,116,"2023-02-09"
125020,280,"2023-02-09"
29579,853,"2023-02-09"
204346,578,"2023-02-09"
197806,528,"2023-02-09"
197756,658,"2023-02-09"
197655,309,"2023-02-09"
204449,242,"2023-02-09"
197831,77,"2023-02-09"
197667,691,"2023-02-09"
96776,391,"2023-02-09"
197591,278,"2023-02-09"
197402,152,"2023-02-09"
197559,579,"2023-02-09"
28340,659,"2023-02-09"
197547,742,"2023-02-09"
197672,692,"2023-02-09"
125104,194,"2023-02-09"
124700,288,"2023-02-09"
114268,290,"2023-02-09"
96713,580,"2023-02-09"
27714,833,"2023-02-09"
97236,63,"2023-02-09"
197580,586,"2023-02-09"
197593,743,"2023-02-09"
197894,834,"2023-02-09"
197665,36,"2023-02-09"
198183,660,"2023-02-09"
197763,708,"2023-02-09"
124705,661,"2023-02-09"
131507,373,"2023-02-09"
124972,64,"2023-02-09"
197810,232,"2023-02-09"
96698,771,"2023-02-09"
28617,693,"2023-02-09"
124934,730,"2023-02-09"
5729,225,"2023-02-09"
185771,165,"2023-02-09"
129164,694,"2023-02-09"
125106,254,"2023-02-09"
197870,731,"2023-02-09"
239257,662,"2023-02-09"
130100,193,"2023-02-09"
197502,292,"2023-02-09"
96756,295,"2023-02-09"
97058,150,"2023-02-09"
125001,120,"2023-02-09"
197827,374,"2023-02-09"
197571,95,"2023-02-09"
98582,695,"2023-02-09"
199941,663,"2023-02-09"
124726,696,"2023-02-09"
124875,80,"2023-02-09"
197844,183,"2023-02-09"
197451,732,"2023-02-09"
197537,581,"2023-02-09"
96761,350,"2023-02-09"
125065,697,"2023-02-09"
197552,118,"2023-02-09"
197798,698,"2023-02-09"
204400,149,"2023-02-09"
190464,733,"2023-02-09"
197817,221,"2023-02-09"
197863,699,"2023-02-09"
197429,752,"2023-02-09"
197405,753,"2023-02-09"
28229,15,"2023-02-09"
123562,159,"2023-02-09"
197515,201,"2023-02-09"
2323,246,"2023-02-09"
197675,734,"2023-02-09"
214839,744,"2023-02-09"
197769,745,"2023-02-09"
39725,754,"2023-02-09"
197652,112,"2023-02-09"
197421,199,"2023-02-09"
124877,640,"2023-02-09"
185619,332,"2023-02-09"
5392,716,"2023-02-09"
197511,805,"2023-02-09"
197581,806,"2023-02-09"
197842,718,"2023-02-09"
125067,759,"2023-02-09"
23712,205,"2023-02-09"
197572,641,"2023-02-09"
197586,646,"2023-02-09"
124780,19,"2023-02-09"
197606,760,"2023-02-09"
28619,777,"2023-02-09"
124713,154,"2023-02-09"
28615,76,"2023-02-09"
197489,316,"2023-02-09"
124884,160,"2023-02-09"
124739,719,"2023-02-09"
185341,69,"2023-02-09"
125237,807,"2023-02-09"
96933,761,"2023-02-09"
197495,430,"2023-02-09"
197779,442,"2023-02-09"
197501,362,"2023-02-09"
38420,251,"2023-02-09"
124812,836,"2023-02-09"
183338,338,"2023-02-09"
239258,837,"2023-02-09"
197595,496,"2023-02-09"
96899,114,"2023-02-09"
124985,179,"2023-02-09"
1992,510,"2023-02-09"
197646,514,"2023-02-09"
96779,558,"2023-02-09"
28266,345,"2023-02-09"
197520,416,"2023-02-09"
192635,419,"2023-02-09"
96796,18,"2023-02-09"
96812,279,"2023-02-09"
96791,568,"2023-02-09"
197441,594,"2023-02-09"
28400,618,"2023-02-09"
197541,467,"2023-02-09"
238674,596,"2023-02-09"
197573,101,"2023-02-09"
237320,675,"2023-02-09"
96801,203,"2023-02-09"
239973,678,"2023-02-09"
197787,472,"2023-02-09"
197935,767,"2023-02-09"
96697,412,"2023-02-09"
197566,642,"2023-02-09"
197621,355,"2023-02-09"
197719,381,"2023-02-09"
197490,1339,"2023-03-13"
189525,1340,"2023-03-13"
124831,1341,"2023-03-13"
197826,1215,"2023-03-13"
197403,1004,"2023-03-13"
198096,1348,"2023-03-13"
125045,1312,"2023-03-13"
204335,1093,"2023-03-13"
237224,1384,"2023-03-13"
197836,1342,"2023-03-13"
96750,1246,"2023-03-13"
197848,1407,"2023-03-13"
197400,1404,"2023-03-13"
197746,1343,"2023-03-13"
197783,1385,"2023-03-13"
197475,1362,"2023-03-13"
197448,1134,"2023-03-13"
204332,1327,"2023-03-13"
113892,1386,"2023-03-13"
197691,1279,"2023-03-13"
125110,1184,"2023-03-13"
202073,1083,"2023-03-13"
124973,1041,"2023-03-13"
124696,1255,"2023-03-13"
197587,1387,"2023-03-13"
124936,1388,"2023-03-13"
96808,1344,"2023-03-13"
24922,1345,"2023-03-13"
197492,1408,"2023-03-13"
197701,1299,"2023-03-13"
197695,1409,"2023-03-13"
197533,1025,"2023-03-13"
28161,1135,"2023-03-13"
124766,1329,"2023-03-13"
197651,1389,"2023-03-13"
197781,1010,"2023-03-13"
197789,1216,"2023-03-13"
131580,1020,"2023-03-13"
197433,1085,"2023-03-13"
197808,1391,"2023-03-13"
197671,1410,"2023-03-13"
197610,1282,"2023-03-13"
124760,1848,"2023-03-13"
132191,1042,"2023-03-13"
197437,1096,"2023-03-13"
124777,1842,"2023-03-13"
197680,1354,"2023-03-13"
197496,1028,"2023-03-13"
197534,1100,"2023-03-13"
197658,1456,"2023-03-13"
124867,1088,"2023-03-13"
197679,1411,"2023-03-13"
23868,1086,"2023-03-13"
197408,1412,"2023-03-13"
197778,1413,"2023-03-13"
197478,1276,"2023-03-13"
197410,1414,"2023-03-13"
197396,1622,"2023-03-13"
4746,1352,"2023-03-13"
197648,1415,"2023-03-13"
197498,1129,"2023-03-13"
23788,1349,"2023-03-13"
238674,1457,"2023-03-13"
197551,1480,"2023-03-13"
96922,1254,"2023-03-13"
197771,1335,"2023-03-13"
124771,1280,"2023-03-13"
197435,1050,"2023-03-13"
197512,1136,"2023-03-13"
124992,1375,"2023-03-13"
197637,1416,"2023-03-13"
197564,1159,"2023-03-13"
96681,1458,"2023-03-13"
197449,1137,"2023-03-13"
124712,1769,"2023-03-13"
197439,1185,"2023-03-13"
197636,1066,"2023-03-13"
125004,1417,"2023-03-13"
197788,1284,"2023-03-13"
101039,1357,"2023-03-13"
112748,1051,"2023-03-13"
187917,1373,"2023-03-13"
197668,1401,"2023-03-13"
197467,1208,"2023-03-13"
197577,1481,"2023-03-13"
226260,1418,"2023-03-13"
197431,1555,"2023-03-13"
197446,1236,"2023-03-13"
197470,1186,"2023-03-13"
182995,1436,"2023-03-13"
197576,1482,"2023-03-13"
128483,1285,"2023-03-13"
125012,1419,"2023-03-13"
4267,1241,"2023-03-13"
197440,1459,"2023-03-13"
197434,1781,"2023-03-13"
96739,1187,"2023-03-13"
197829,1157,"2023-03-13"
28269,1420,"2023-03-13"
35016,1160,"2023-03-13"
126644,1060,"2023-03-13"
96711,1140,"2023-03-13"
197574,1188,"2023-03-13"
199996,1313,"2023-03-13"
199996,1421,"2023-03-13"
28122,1195,"2023-03-13"
197796,1360,"2023-03-13"
28219,1062,"2023-03-13"
28390,1422,"2023-03-13"
86793,1189,"2023-03-13"
197786,1359,"2023-03-13"
197641,1383,"2023-03-13"
197505,1483,"2023-03-13"
236052,1522,"2023-03-13"
197782,1027,"2023-03-13"
197529,1533,"2023-03-13"
124708,1094,"2023-03-13"
197463,1193,"2023-03-13"
124861,1460,"2023-03-13"
197558,1484,"2023-03-13"
204416,1485,"2023-03-13"
197507,1461,"2023-03-13"
183793,1439,"2023-03-13"
197631,1190,"2023-03-13"
197657,1462,"2023-03-13"
124988,1423,"2023-03-13"
197536,1424,"2023-03-13"
197683,1849,"2023-03-13"
96775,1425,"2023-03-13"
202352,1855,"2023-03-13"
197616,1440,"2023-03-13"
197503,1250,"2023-03-13"
124856,1317,"2023-03-13"
240478,1463,"2023-03-13"
96880,1785,"2023-03-13"
33997,1464,"2023-03-13"
197588,1032,"2023-03-13"
197654,1318,"2023-03-13"
197394,1465,"2023-03-13"
28372,1350,"2023-03-13"
96809,1426,"2023-03-13"
197731,1451,"2023-03-13"
124835,1320,"2023-03-13"
96747,1035,"2023-03-13"
124821,1059,"2023-03-13"
197608,1441,"2023-03-13"
236050,1519,"2023-03-13"
197556,1158,"2023-03-13"
239262,1358,"2023-03-13"
228604,1466,"2023-03-13"
96891,1467,"2023-03-13"
197504,1486,"2023-03-13"
197531,1321,"2023-03-13"
124714,1770,"2023-03-13"
96868,1392,"2023-03-13"
197472,1161,"2023-03-13"
204333,1260,"2023-03-13"
197468,1172,"2023-03-13"
197453,1393,"2023-03-13"
96826,1771,"2023-03-13"
190774,1489,"2023-03-13"
124709,1487,"2023-03-13"
197579,1468,"2023-03-13"
197473,1490,"2023-03-13"
197822,1853,"2023-03-13"
96787,1099,"2023-03-13"
197510,1491,"2023-03-13"
99945,1492,"2023-03-13"
198329,1469,"2023-03-13"
124693,1470,"2023-03-13"
197766,1402,"2023-03-13"
124873,1068,"2023-03-13"
237465,1471,"2023-03-13"
28226,1267,"2023-03-13"
96725,1055,"2023-03-13"
209091,1538,"2023-03-13"
96852,1173,"2023-03-13"
197430,1562,"2023-03-13"
96842,1539,"2023-03-13"
96811,1493,"2023-03-13"
197535,1494,"2023-03-13"
197649,1495,"2023-03-13"
197589,1563,"2023-03-13"
1917,1264,"2023-03-13"
125046,1309,"2023-03-13"
192634,1564,"2023-03-13"
124833,1845,"2023-03-13"
197480,1217,"2023-03-13"
96810,1211,"2023-03-13"
197607,1353,"2023-03-13"
197720,1038,"2023-03-13"
197419,1326,"2023-03-13"
28353,1427,"2023-03-13"
197414,1152,"2023-03-13"
198490,1278,"2023-03-13"
197513,1330,"2023-03-13"
197455,1496,"2023-03-13"
193273,1395,"2023-03-13"
106936,1396,"2023-03-13"
197391,1026,"2023-03-13"
101585,1540,"2023-03-13"
197795,1846,"2023-03-13"
2341,1262,"2023-03-13"
28150,1772,"2023-03-13"
229352,1397,"2023-03-13"
197702,1541,"2023-03-13"
197632,1192,"2023-03-13"
197582,1523,"2023-03-13"
197717,1315,"2023-03-13"
197742,1542,"2023-03-13"
28298,1006,"2023-03-13"
96991,1307,"2023-03-13"
197628,1213,"2023-03-13"
239255,1442,"2023-03-13"
183916,1092,"2023-03-13"
96833,1089,"2023-03-13"
197794,1515,"2023-03-13"
197416,1232,"2023-03-13"
197819,1300,"2023-03-13"
197436,1498,"2023-03-13"
209140,1565,"2023-03-13"
239256,1283,"2023-03-13"
197804,1861,"2023-03-13"
124807,1499,"2023-03-13"
202036,1500,"2023-03-13"
197443,1566,"2023-03-13"
197694,1243,"2023-03-13"
840,1398,"2023-03-13"
197728,1706,"2023-03-13"
197718,1543,"2023-03-13"
125027,1014,"2023-03-13"
204419,1567,"2023-03-13"
125025,1860,"2023-03-13"
197799,1524,"2023-03-13"
124785,1544,"2023-03-13"
197549,1556,"2023-03-13"
94649,1355,"2023-03-13"
197780,1568,"2023-03-13"
197452,1569,"2023-03-13"
197557,1570,"2023-03-13"
204420,1473,"2023-03-13"
197618,1005,"2023-03-13"
197645,1474,"2023-03-13"
197543,1571,"2023-03-13"
96952,1545,"2023-03-13"
88715,1536,"2023-03-13"
198063,1694,"2023-03-13"
96830,1773,"2023-03-13"
23816,1774,"2023-03-13"
197444,1572,"2023-03-13"
197457,1475,"2023-03-13"
198176,1113,"2023-03-13"
34578,1546,"2023-03-13"
197596,1070,"2023-03-13"
197514,1064,"2023-03-13"
193419,1203,"2023-03-13"
96752,1476,"2023-03-13"
2054,1090,"2023-03-13"
135511,1323,"2023-03-13"
125023,1377,"2023-03-13"
197682,1382,"2023-03-13"
197800,1052,"2023-03-13"
197412,1502,"2023-03-13"
197459,1477,"2023-03-13"
124895,1065,"2023-03-13"
124586,1776,"2023-03-13"
197526,1647,"2023-03-13"
96780,1205,"2023-03-13"
197770,1403,"2023-03-13"
197398,1478,"2023-03-13"
124715,1198,"2023-03-13"
122978,1547,"2023-03-13"
218349,1347,"2023-03-13"
5565,1503,"2023-03-13"
197846,1548,"2023-03-13"
197594,1071,"2023-03-13"
58789,1648,"2023-03-13"
197624,1328,"2023-03-13"
221463,1277,"2023-03-13"
197392,1549,"2023-03-13"
96740,1559,"2023-03-13"
96772,1333,"2023-03-13"
197837,1560,"2023-03-13"
197516,1429,"2023-03-13"
124770,1281,"2023-03-13"
189065,1435,"2023-03-13"
28141,1777,"2023-03-13"
197517,1505,"2023-03-13"
112747,1550,"2023-03-13"
125021,1130,"2023-03-13"
197627,1521,"2023-03-13"
197447,1406,"2023-03-13"
197840,1036,"2023-03-13"
197518,1430,"2023-03-13"
197767,1273,"2023-03-13"
197626,1859,"2023-03-13"
125109,1784,"2023-03-13"
96771,1506,"2023-03-13"
197491,1182,"2023-03-13"
96934,1151,"2023-03-13"
96837,1551,"2023-03-13"
197839,1507,"2023-03-13"
197469,1109,"2023-03-13"
4246,1199,"2023-03-13"
197585,1141,"2023-03-13"
197401,1405,"2023-03-13"
124887,1210,"2023-03-13"
191693,1257,"2023-03-13"
125068,1508,"2023-03-13"
197818,1649,"2023-03-13"
22858,1097,"2023-03-13"
96734,1394,"2023-03-13"
96668,1145,"2023-03-13"
197519,1431,"2023-03-13"
197415,1233,"2023-03-13"
197528,1650,"2023-03-13"
197523,1552,"2023-03-13"
197406,1573,"2023-03-13"
197743,1301,"2023-03-13"
197546,1557,"2023-03-13"
197438,1858,"2023-03-13"
23699,1455,"2023-03-13"
197740,1689,"2023-03-13"
197525,1200,"2023-03-13"
197530,1433,"2023-03-13"
197445,1651,"2023-03-13"
96829,1775,"2023-03-13"
124822,1553,"2023-03-13"
130833,1302,"2023-03-13"
197699,1303,"2023-03-13"
118949,1652,"2023-03-13"
97968,1102,"2023-03-13"
197481,1444,"2023-03-13"
124891,1275,"2023-03-13"
197532,1434,"2023-03-13"
197843,1147,"2023-03-13"
197395,1031,"2023-03-13"
197482,1218,"2023-03-13"
124735,1183,"2023-03-13"
28389,1509,"2023-03-13"
197692,1835,"2023-03-13"
125063,1325,"2023-03-13"
124866,1251,"2023-03-13"
204421,1520,"2023-03-13"
197460,1561,"2023-03-13"
197737,1690,"2023-03-13"
197697,1381,"2023-03-13"
96648,1008,"2023-03-13"
1909,1238,"2023-03-13"
38398,1016,"2023-03-13"
197461,1639,"2023-03-13"
197698,1554,"2023-03-13"
230085,1623,"2023-03-13"
124738,1438,"2023-03-13"
197393,1837,"2023-03-13"
197635,1127,"2023-03-13"
95074,1261,"2023-03-13"
23781,1574,"2023-03-13"
204336,1575,"2023-03-13"
23768,1624,"2023-03-13"
1927,1266,"2023-03-13"
197483,1286,"2023-03-13"
124808,1258,"2023-03-13"
197611,1526,"2023-03-13"
197494,1138,"2023-03-13"
96709,1058,"2023-03-13"
125042,1625,"2023-03-13"
197777,1576,"2023-03-13"
28399,1577,"2023-03-13"
228286,1626,"2023-03-13"
197721,1627,"2023-03-13"
124996,1510,"2023-03-13"
197458,1146,"2023-03-13"
124806,1204,"2023-03-13"
205452,1374,"2023-03-13"
197493,1072,"2023-03-13"
197592,1628,"2023-03-13"
197835,1579,"2023-03-13"
197735,1629,"2023-03-13"
197653,1308,"2023-03-13"
4560,1580,"2023-03-13"
190713,1581,"2023-03-13"
197623,1214,"2023-03-13"
33982,1269,"2023-03-13"
209896,1582,"2023-03-13"
197462,1640,"2023-03-13"
197638,1630,"2023-03-13"
197634,1007,"2023-03-13"
124828,1098,"2023-03-13"
96820,1080,"2023-03-13"
96936,1271,"2023-03-13"
208722,1641,"2023-03-13"
24505,1534,"2023-03-13"
124691,1181,"2023-03-13"
197522,1237,"2023-03-13"
98341,1583,"2023-03-13"
38511,1111,"2023-03-13"
197538,1511,"2023-03-13"
197841,1584,"2023-03-13"
204418,1133,"2023-03-13"
197662,1037,"2023-03-13"
130256,1585,"2023-03-13"
197567,1653,"2023-03-13"
96978,1104,"2023-03-13"
236053,1532,"2023-03-13"
118859,1337,"2023-03-13"
193292,1642,"2023-03-13"
190518,1693,"2023-03-13"
120478,1174,"2023-03-13"
125128,1012,"2023-03-13"
197497,1304,"2023-03-13"
197824,1514,"2023-03-13"
197540,1128,"2023-03-13"
236051,1356,"2023-03-13"
24942,1247,"2023-03-13"
212855,1654,"2023-03-13"
197805,1376,"2023-03-13"
124722,1176,"2023-03-13"
124734,1587,"2023-03-13"
197711,1067,"2023-03-13"
72779,1588,"2023-03-13"
28347,1087,"2023-03-13"
124799,1632,"2023-03-13"
197427,1589,"2023-03-13"
197647,1590,"2023-03-13"
124862,1252,"2023-03-13"
124802,1013,"2023-03-13"
28429,1591,"2023-03-13"
190519,1655,"2023-03-13"
125005,1656,"2023-03-13"
88882,1633,"2023-03-13"
233862,1634,"2023-03-13"
239260,1513,"2023-03-13"
197464,1643,"2023-03-13"
124784,1126,"2023-03-13"
4289,1063,"2023-03-13"
124701,1143,"2023-03-13"
197465,1644,"2023-03-13"
197802,1645,"2023-03-13"
197734,1783,"2023-03-13"
238639,1601,"2023-03-13"
202112,1592,"2023-03-13"
124836,1379,"2023-03-13"
28294,1593,"2023-03-13"
107212,1270,"2023-03-13"
197542,1833,"2023-03-13"
197432,1657,"2023-03-13"
237779,1635,"2023-03-13"
28288,1017,"2023-03-13"
197838,1235,"2023-03-13"
197687,1212,"2023-03-13"
30482,1049,"2023-03-13"
234344,1658,"2023-03-13"
197889,1646,"2023-03-13"
129073,1659,"2023-03-13"
125038,1732,"2023-03-13"
99283,1527,"2023-03-13"
124692,1180,"2023-03-13"
125093,1782,"2023-03-13"
28586,1048,"2023-03-13"
36392,1594,"2023-03-13"
197466,1723,"2023-03-13"
124844,1249,"2023-03-13"
197563,1733,"2023-03-13"
197539,1558,"2023-03-13"
197527,1535,"2023-03-13"
197845,1636,"2023-03-13"
197754,1537,"2023-03-13"
197738,1334,"2023-03-13"
124872,1253,"2023-03-13"
124846,1053,"2023-03-13"
112744,1244,"2023-03-13"
28224,1660,"2023-03-13"
40599,1150,"2023-03-13"
197619,1847,"2023-03-13"
136236,1082,"2023-03-13"
197828,1231,"2023-03-13"
197629,1850,"2023-03-13"
204414,1516,"2023-03-13"
197590,1637,"2023-03-13"
197663,1139,"2023-03-13"
38595,1029,"2023-03-13"
124704,1661,"2023-03-13"
197404,1662,"2023-03-13"
197765,1663,"2023-03-13"
204443,1856,"2023-03-13"
125706,1664,"2023-03-13"
239972,1735,"2023-03-13"
197820,1040,"2023-03-13"
202351,1854,"2023-03-13"
197764,1857,"2023-03-13"
124850,1665,"2023-03-13"
188945,1265,"2023-03-13"
197868,1736,"2023-03-13"
197544,1517,"2023-03-13"
96903,1039,"2023-03-13"
197790,1338,"2023-03-13"
96998,1084,"2023-03-13"
197681,1230,"2023-03-13"
197488,1443,"2023-03-13"
103381,1009,"2023-03-13"
229839,1638,"2023-03-13"
197413,1666,"2023-03-13"
218347,1707,"2023-03-13"
197832,1248,"2023-03-13"
4253,1033,"2023-03-13"
229519,1738,"2023-03-13"
206158,1724,"2023-03-13"
96885,1739,"2023-03-13"
96743,1725,"2023-03-13"
197615,1851,"2023-03-13"
197801,1708,"2023-03-13"
125043,1306,"2023-03-13"
197785,1123,"2023-03-13"
4344,1740,"2023-03-13"
197584,1709,"2023-03-13"
197792,1710,"2023-03-13"
197776,1518,"2023-03-13"
204733,1595,"2023-03-13"
197709,1154,"2023-03-13"
197506,1726,"2023-03-13"
125214,1727,"2023-03-13"
204413,1311,"2023-03-13"
96653,1711,"2023-03-13"
197690,1437,"2023-03-13"
197773,1274,"2023-03-13"
127096,1378,"2023-03-13"
197545,1596,"2023-03-13"
204368,1667,"2023-03-13"
125670,1668,"2023-03-13"
197722,1245,"2023-03-13"
24594,1202,"2023-03-13"
124781,1177,"2023-03-13"
197650,1712,"2023-03-13"
197578,1529,"2023-03-13"
112611,1263,"2023-03-13"
28297,1597,"2023-03-13"
197500,1728,"2023-03-13"
37312,1179,"2023-03-13"
213330,1778,"2023-03-13"
197670,1131,"2023-03-13"
190517,1003,"2023-03-13"
197656,1669,"2023-03-13"
197422,1670,"2023-03-13"
96646,1175,"2023-03-13"
125030,1671,"2023-03-13"
124837,1713,"2023-03-13"
28223,1268,"2023-03-13"
197425,1672,"2023-03-13"
197508,1011,"2023-03-13"
197418,1813,"2023-03-13"
197423,1729,"2023-03-13"
197677,1714,"2023-03-13"
197548,1673,"2023-03-13"
124747,1054,"2023-03-13"
103746,1095,"2023-03-13"
197426,1332,"2023-03-13"
96932,1316,"2023-03-13"
197390,1105,"2023-03-13"
197849,1598,"2023-03-13"
197791,1314,"2023-03-13"
204334,1599,"2023-03-13"
124710,1674,"2023-03-13"
197417,1675,"2023-03-13"
185974,1030,"2023-03-13"
197784,1741,"2023-03-13"
124834,1695,"2023-03-13"
197550,1730,"2023-03-13"
125064,1676,"2023-03-13"
197825,1600,"2023-03-13"
124852,1715,"2023-03-13"
239271,1677,"2023-03-13"
124929,1149,"2023-03-13"
58766,1472,"2023-03-13"
197772,1731,"2023-03-13"
134605,1742,"2023-03-13"
197553,1108,"2023-03-13"
125020,1242,"2023-03-13"
29579,1786,"2023-03-13"
204346,1602,"2023-03-13"
197806,1614,"2023-03-13"
197756,1716,"2023-03-13"
197655,1346,"2023-03-13"
204449,1197,"2023-03-13"
197831,1107,"2023-03-13"
197667,1678,"2023-03-13"
96776,1400,"2023-03-13"
197591,1239,"2023-03-13"
197402,1106,"2023-03-13"
197559,1603,"2023-03-13"
28340,1717,"2023-03-13"
197547,1743,"2023-03-13"
197672,1679,"2023-03-13"
96697,1428,"2023-03-13"
125104,1148,"2023-03-13"
124700,1256,"2023-03-13"
114268,1322,"2023-03-13"
96713,1604,"2023-03-13"
27714,1779,"2023-03-13"
97236,1056,"2023-03-13"
197580,1615,"2023-03-13"
197593,1744,"2023-03-13"
197894,1780,"2023-03-13"
197665,1034,"2023-03-13"
198183,1718,"2023-03-13"
197763,1691,"2023-03-13"
124705,1719,"2023-03-13"
131507,1124,"2023-03-13"
124972,1057,"2023-03-13"
197810,1234,"2023-03-13"
96698,1852,"2023-03-13"
28617,1680,"2023-03-13"
124934,1800,"2023-03-13"
5729,1178,"2023-03-13"
185771,1162,"2023-03-13"
129164,1681,"2023-03-13"
125106,1272,"2023-03-13"
197870,1801,"2023-03-13"
239257,1720,"2023-03-13"
130100,1194,"2023-03-13"
197502,1324,"2023-03-13"
96756,1259,"2023-03-13"
97058,1191,"2023-03-13"
125001,1112,"2023-03-13"
197827,1125,"2023-03-13"
197571,1081,"2023-03-13"
98582,1745,"2023-03-13"
199941,1721,"2023-03-13"
124726,1746,"2023-03-13"
124875,1114,"2023-03-13"
197844,1132,"2023-03-13"
197451,1802,"2023-03-13"
197537,1605,"2023-03-13"
96761,1331,"2023-03-13"
125065,1747,"2023-03-13"
197552,1110,"2023-03-13"
197798,1748,"2023-03-13"
204400,1142,"2023-03-13"
190464,1803,"2023-03-13"
197817,1452,"2023-03-13"
197863,1749,"2023-03-13"
197429,1750,"2023-03-13"
197405,1751,"2023-03-13"
28229,1015,"2023-03-13"
123562,1155,"2023-03-13"
197515,1196,"2023-03-13"
2323,1201,"2023-03-13"
197675,1804,"2023-03-13"
214839,1814,"2023-03-13"
197769,1815,"2023-03-13"
39725,1752,"2023-03-13"
197652,1101,"2023-03-13"
197421,1153,"2023-03-13"
124877,1683,"2023-03-13"
185619,1310,"2023-03-13"
5392,1722,"2023-03-13"
197511,1816,"2023-03-13"
197581,1817,"2023-03-13"
197842,1794,"2023-03-13"
125067,1753,"2023-03-13"
23712,1209,"2023-03-13"
197572,1684,"2023-03-13"
197586,1616,"2023-03-13"
124780,1019,"2023-03-13"
197606,1754,"2023-03-13"
28619,1841,"2023-03-13"
124713,1144,"2023-03-13"
28615,1069,"2023-03-13"
197489,1361,"2023-03-13"
124884,1156,"2023-03-13"
124739,1795,"2023-03-13"
185341,1061,"2023-03-13"
125237,1818,"2023-03-13"
96933,1755,"2023-03-13"
197495,1390,"2023-03-13"
197779,1479,"2023-03-13"
197501,1351,"2023-03-13"
38420,1206,"2023-03-13"
124812,1843,"2023-03-13"
183338,1319,"2023-03-13"
239258,1844,"2023-03-13"
197595,1488,"2023-03-13"
96899,1103,"2023-03-13"
124985,1453,"2023-03-13"
1992,1497,"2023-03-13"
197646,1501,"2023-03-13"
96779,1504,"2023-03-13"
28266,1399,"2023-03-13"
197520,1432,"2023-03-13"
192635,1525,"2023-03-13"
96796,1018,"2023-03-13"
96812,1240,"2023-03-13"
96791,1578,"2023-03-13"
197441,1631,"2023-03-13"
28400,1586,"2023-03-13"
197541,1512,"2023-03-13"
197573,1091,"2023-03-13"
237320,1734,"2023-03-13"
96801,1207,"2023-03-13"
239973,1737,"2023-03-13"
197787,1528,"2023-03-13"
197935,1692,"2023-03-13"
197566,1840,"2023-03-13"
197621,1336,"2023-03-13"
197719,1380,"2023-03-13"
197490,1340,"2023-04-17"
189525,1341,"2023-04-17"
124831,1342,"2023-04-17"
197826,1214,"2023-04-17"
197403,1004,"2023-04-17"
198096,1348,"2023-04-17"
125045,1312,"2023-04-17"
204335,1093,"2023-04-17"
237224,1384,"2023-04-17"
197836,1343,"2023-04-17"
96750,1246,"2023-04-17"
197848,1479,"2023-04-17"
197400,1405,"2023-04-17"
197746,1344,"2023-04-17"
197783,1385,"2023-04-17"
197475,1286,"2023-04-17"
197448,1134,"2023-04-17"
204332,1328,"2023-04-17"
113892,1386,"2023-04-17"
197691,1279,"2023-04-17"
125110,1184,"2023-04-17"
202073,1083,"2023-04-17"
124973,1041,"2023-04-17"
124696,1256,"2023-04-17"
197587,1387,"2023-04-17"
124936,1388,"2023-04-17"
96808,1345,"2023-04-17"
24922,1408,"2023-04-17"
197492,1262,"2023-04-17"
197701,1299,"2023-04-17"
197695,1409,"2023-04-17"
197533,1025,"2023-04-17"
28161,1135,"2023-04-17"
124766,1398,"2023-04-17"
197651,1389,"2023-04-17"
197781,1010,"2023-04-17"
131580,1020,"2023-04-17"
197433,1085,"2023-04-17"
197808,1391,"2023-04-17"
197671,1410,"2023-04-17"
197610,1215,"2023-04-17"
124760,1848,"2023-04-17"
132191,1042,"2023-04-17"
197437,1096,"2023-04-17"
124777,1842,"2023-04-17"
197680,1354,"2023-04-17"
197496,1028,"2023-04-17"
197534,1100,"2023-04-17"
197658,1456,"2023-04-17"
124867,1088,"2023-04-17"
197679,1411,"2023-04-17"
23868,1086,"2023-04-17"
197408,1412,"2023-04-17"
197778,1413,"2023-04-17"
197478,1276,"2023-04-17"
197410,1414,"2023-04-17"
197396,1622,"2023-04-17"
4746,1352,"2023-04-17"
197648,1415,"2023-04-17"
197498,1129,"2023-04-17"
23788,1349,"2023-04-17"
238674,1457,"2023-04-17"
197551,1481,"2023-04-17"
96922,1255,"2023-04-17"
197771,1336,"2023-04-17"
124771,1280,"2023-04-17"
197435,1050,"2023-04-17"
197512,1136,"2023-04-17"
124992,1375,"2023-04-17"
197637,1416,"2023-04-17"
197564,1071,"2023-04-17"
96681,1458,"2023-04-17"
197449,1137,"2023-04-17"
124712,1769,"2023-04-17"
197439,1185,"2023-04-17"
197636,1066,"2023-04-17"
125004,1417,"2023-04-17"
197788,1216,"2023-04-17"
101039,1282,"2023-04-17"
112748,1051,"2023-04-17"
187917,1373,"2023-04-17"
197668,1402,"2023-04-17"
197467,1208,"2023-04-17"
197577,1482,"2023-04-17"
226260,1418,"2023-04-17"
28346,1459,"2023-04-17"
197431,1555,"2023-04-17"
197446,1236,"2023-04-17"
197470,1186,"2023-04-17"
182995,1436,"2023-04-17"
197576,1483,"2023-04-17"
128483,1217,"2023-04-17"
125012,1419,"2023-04-17"
4267,1241,"2023-04-17"
197440,1460,"2023-04-17"
197434,1781,"2023-04-17"
96739,1187,"2023-04-17"
197829,1157,"2023-04-17"
28269,1420,"2023-04-17"
35016,1161,"2023-04-17"
126644,1060,"2023-04-17"
96711,1140,"2023-04-17"
197574,1188,"2023-04-17"
199996,1313,"2023-04-17"
96867,1421,"2023-04-17"
28122,1195,"2023-04-17"
197796,1283,"2023-04-17"
28219,1062,"2023-04-17"
28390,1422,"2023-04-17"
86793,1189,"2023-04-17"
197786,1284,"2023-04-17"
197641,1383,"2023-04-17"
197505,1484,"2023-04-17"
236052,1522,"2023-04-17"
197782,1027,"2023-04-17"
197529,1533,"2023-04-17"
124708,1094,"2023-04-17"
197463,1193,"2023-04-17"
124861,1461,"2023-04-17"
197558,1485,"2023-04-17"
204416,1486,"2023-04-17"
197507,1462,"2023-04-17"
183793,1357,"2023-04-17"
197631,1190,"2023-04-17"
197657,1463,"2023-04-17"
124988,1423,"2023-04-17"
197536,1424,"2023-04-17"
197683,1849,"2023-04-17"
96775,1425,"2023-04-17"
202352,1855,"2023-04-17"
197616,1358,"2023-04-17"
197503,1250,"2023-04-17"
124856,1317,"2023-04-17"
240478,1464,"2023-04-17"
96880,1785,"2023-04-17"
33997,1465,"2023-04-17"
197588,1032,"2023-04-17"
197654,1318,"2023-04-17"
197394,1466,"2023-04-17"
28372,1350,"2023-04-17"
96809,1426,"2023-04-17"
197731,1451,"2023-04-17"
124835,1320,"2023-04-17"
96747,1035,"2023-04-17"
124821,1059,"2023-04-17"
197608,1359,"2023-04-17"
236050,1519,"2023-04-17"
197556,1070,"2023-04-17"
239262,1360,"2023-04-17"
228604,1467,"2023-04-17"
96891,1468,"2023-04-17"
197504,1487,"2023-04-17"
197531,1321,"2023-04-17"
124714,1770,"2023-04-17"
96868,1392,"2023-04-17"
197472,1159,"2023-04-17"
204333,1260,"2023-04-17"
197468,1172,"2023-04-17"
197453,1393,"2023-04-17"
96826,1771,"2023-04-17"
190774,1489,"2023-04-17"
124709,1488,"2023-04-17"
197579,1469,"2023-04-17"
197473,1490,"2023-04-17"
197822,1853,"2023-04-17"
96787,1099,"2023-04-17"
197510,1491,"2023-04-17"
99945,1492,"2023-04-17"
198329,1470,"2023-04-17"
124693,1471,"2023-04-17"
197766,1403,"2023-04-17"
124873,1068,"2023-04-17"
237465,1538,"2023-04-17"
28226,1268,"2023-04-17"
96725,1055,"2023-04-17"
209091,1539,"2023-04-17"
96852,1173,"2023-04-17"
197430,1563,"2023-04-17"
96842,1540,"2023-04-17"
96811,1493,"2023-04-17"
197535,1494,"2023-04-17"
197649,1495,"2023-04-17"
197589,1564,"2023-04-17"
1917,1265,"2023-04-17"
125046,1309,"2023-04-17"
192634,1565,"2023-04-17"
124833,1845,"2023-04-17"
197480,1444,"2023-04-17"
96810,1211,"2023-04-17"
197607,1353,"2023-04-17"
197720,1038,"2023-04-17"
197419,1327,"2023-04-17"
28353,1427,"2023-04-17"
197414,1152,"2023-04-17"
198490,1278,"2023-04-17"
197513,1331,"2023-04-17"
197455,1496,"2023-04-17"
193273,1395,"2023-04-17"
106936,1396,"2023-04-17"
197391,1026,"2023-04-17"
101585,1541,"2023-04-17"
197795,1846,"2023-04-17"
2341,1263,"2023-04-17"
28150,1772,"2023-04-17"
229352,1397,"2023-04-17"
197702,1542,"2023-04-17"
197632,1192,"2023-04-17"
197582,1439,"2023-04-17"
197717,1315,"2023-04-17"
197742,1543,"2023-04-17"
28298,1006,"2023-04-17"
96991,1307,"2023-04-17"
197628,1158,"2023-04-17"
239255,1440,"2023-04-17"
183916,1092,"2023-04-17"
96833,1089,"2023-04-17"
197794,1515,"2023-04-17"
197416,1232,"2023-04-17"
197819,1300,"2023-04-17"
197436,1498,"2023-04-17"
209140,1566,"2023-04-17"
239256,1441,"2023-04-17"
197804,1861,"2023-04-17"
124807,1499,"2023-04-17"
202036,1500,"2023-04-17"
197443,1567,"2023-04-17"
197694,1243,"2023-04-17"
840,1399,"2023-04-17"
197728,1544,"2023-04-17"
197718,1545,"2023-04-17"
125027,1014,"2023-04-17"
204419,1568,"2023-04-17"
125025,1860,"2023-04-17"
197799,1442,"2023-04-17"
124785,1546,"2023-04-17"
197549,1556,"2023-04-17"
94649,1355,"2023-04-17"
197780,1569,"2023-04-17"
197452,1570,"2023-04-17"
197557,1571,"2023-04-17"
204420,1473,"2023-04-17"
197618,1005,"2023-04-17"
197645,1474,"2023-04-17"
197543,1572,"2023-04-17"
96952,1547,"2023-04-17"
88715,1536,"2023-04-17"
198063,1694,"2023-04-17"
96830,1773,"2023-04-17"
23816,1774,"2023-04-17"
197444,1647,"2023-04-17"
197457,1475,"2023-04-17"
198176,1113,"2023-04-17"
34578,1548,"2023-04-17"
197596,1682,"2023-04-17"
197514,1064,"2023-04-17"
193419,1203,"2023-04-17"
96752,1476,"2023-04-17"
2054,1090,"2023-04-17"
135511,1324,"2023-04-17"
125023,1377,"2023-04-17"
197682,1382,"2023-04-17"
197800,1052,"2023-04-17"
197412,1502,"2023-04-17"
197459,1477,"2023-04-17"
124895,1065,"2023-04-17"
124586,1776,"2023-04-17"
197526,1648,"2023-04-17"
96780,1205,"2023-04-17"
197770,1404,"2023-04-17"
197398,1478,"2023-04-17"
124715,1198,"2023-04-17"
122978,1549,"2023-04-17"
218349,1685,"2023-04-17"
5565,1503,"2023-04-17"
197846,1550,"2023-04-17"
58789,1649,"2023-04-17"
197624,1329,"2023-04-17"
221463,1277,"2023-04-17"
197392,1551,"2023-04-17"
96740,1559,"2023-04-17"
96772,1334,"2023-04-17"
197837,1560,"2023-04-17"
197516,1429,"2023-04-17"
124770,1281,"2023-04-17"
189065,1435,"2023-04-17"
28141,1777,"2023-04-17"
197517,1505,"2023-04-17"
112747,1552,"2023-04-17"
125021,1130,"2023-04-17"
197627,1521,"2023-04-17"
197447,1407,"2023-04-17"
197840,1036,"2023-04-17"
197518,1430,"2023-04-17"
197767,1273,"2023-04-17"
197626,1859,"2023-04-17"
125109,1784,"2023-04-17"
96771,1506,"2023-04-17"
197491,1182,"2023-04-17"
96934,1151,"2023-04-17"
96837,1553,"2023-04-17"
197839,1507,"2023-04-17"
197469,1109,"2023-04-17"
4246,1199,"2023-04-17"
197585,1141,"2023-04-17"
197401,1406,"2023-04-17"
124887,1210,"2023-04-17"
191693,1322,"2023-04-17"
125068,1508,"2023-04-17"
197818,1650,"2023-04-17"
22858,1097,"2023-04-17"
96734,1394,"2023-04-17"
96668,1145,"2023-04-17"
197519,1431,"2023-04-17"
197415,1233,"2023-04-17"
197528,1651,"2023-04-17"
197523,1554,"2023-04-17"
197406,1573,"2023-04-17"
197743,1301,"2023-04-17"
197546,1557,"2023-04-17"
197438,1858,"2023-04-17"
23699,1455,"2023-04-17"
197740,1689,"2023-04-17"
197525,1200,"2023-04-17"
197530,1433,"2023-04-17"
197445,1652,"2023-04-17"
96829,1775,"2023-04-17"
124822,1623,"2023-04-17"
130833,1302,"2023-04-17"
197699,1303,"2023-04-17"
118949,1653,"2023-04-17"
97968,1102,"2023-04-17"
197481,1362,"2023-04-17"
124891,1275,"2023-04-17"
197532,1434,"2023-04-17"
197843,1147,"2023-04-17"
197395,1031,"2023-04-17"
197482,1162,"2023-04-17"
124735,1183,"2023-04-17"
28389,1509,"2023-04-17"
197692,1835,"2023-04-17"
125063,1326,"2023-04-17"
124866,1251,"2023-04-17"
204421,1520,"2023-04-17"
197460,1561,"2023-04-17"
197737,1690,"2023-04-17"
197697,1381,"2023-04-17"
96648,1008,"2023-04-17"
1909,1238,"2023-04-17"
38398,1016,"2023-04-17"
197461,1639,"2023-04-17"
197698,1624,"2023-04-17"
230085,1625,"2023-04-17"
124738,1438,"2023-04-17"
197393,1837,"2023-04-17"
197635,1127,"2023-04-17"
95074,1261,"2023-04-17"
23781,1574,"2023-04-17"
204336,1575,"2023-04-17"
23768,1626,"2023-04-17"
1927,1267,"2023-04-17"
197483,1218,"2023-04-17"
124808,1258,"2023-04-17"
197611,1523,"2023-04-17"
197494,1138,"2023-04-17"
96709,1058,"2023-04-17"
125042,1627,"2023-04-17"
197777,1576,"2023-04-17"
28399,1577,"2023-04-17"
228286,1628,"2023-04-17"
197721,1629,"2023-04-17"
124996,1510,"2023-04-17"
197458,1146,"2023-04-17"
124806,1204,"2023-04-17"
205452,1374,"2023-04-17"
197493,1072,"2023-04-17"
197835,1579,"2023-04-17"
197735,1630,"2023-04-17"
197653,1308,"2023-04-17"
4560,1580,"2023-04-17"
190713,1581,"2023-04-17"
197623,1213,"2023-04-17"
33982,1270,"2023-04-17"
209896,1582,"2023-04-17"
197462,1640,"2023-04-17"
197638,1631,"2023-04-17"
197634,1007,"2023-04-17"
124828,1098,"2023-04-17"
96820,1080,"2023-04-17"
96936,1330,"2023-04-17"
208722,1641,"2023-04-17"
24505,1534,"2023-04-17"
124691,1181,"2023-04-17"
197522,1237,"2023-04-17"
98341,1583,"2023-04-17"
38511,1111,"2023-04-17"
197538,1511,"2023-04-17"
197841,1584,"2023-04-17"
204418,1133,"2023-04-17"
197662,1037,"2023-04-17"
130256,1585,"2023-04-17"
197567,1654,"2023-04-17"
96978,1104,"2023-04-17"
236053,1532,"2023-04-17"
118859,1339,"2023-04-17"
193292,1642,"2023-04-17"
190518,1693,"2023-04-17"
120478,1174,"2023-04-17"
125128,1012,"2023-04-17"
197497,1304,"2023-04-17"
197824,1514,"2023-04-17"
197540,1128,"2023-04-17"
236051,1356,"2023-04-17"
24942,1247,"2023-04-17"
212855,1655,"2023-04-17"
197805,1376,"2023-04-17"
124722,1176,"2023-04-17"
124734,1587,"2023-04-17"
197711,1067,"2023-04-17"
72779,1588,"2023-04-17"
28347,1087,"2023-04-17"
124799,1633,"2023-04-17"
197427,1589,"2023-04-17"
197647,1590,"2023-04-17"
124862,1252,"2023-04-17"
124802,1013,"2023-04-17"
28429,1591,"2023-04-17"
190519,1656,"2023-04-17"
125005,1657,"2023-04-17"
88882,1634,"2023-04-17"
233862,1635,"2023-04-17"
239260,1513,"2023-04-17"
197464,1643,"2023-04-17"
124784,1126,"2023-04-17"
4289,1063,"2023-04-17"
124701,1143,"2023-04-17"
197465,1644,"2023-04-17"
197802,1645,"2023-04-17"
197734,1783,"2023-04-17"
238639,1601,"2023-04-17"
202112,1592,"2023-04-17"
124836,1379,"2023-04-17"
28294,1593,"2023-04-17"
107212,1271,"2023-04-17"
197542,1833,"2023-04-17"
197432,1658,"2023-04-17"
237779,1636,"2023-04-17"
28288,1017,"2023-04-17"
197838,1235,"2023-04-17"
197687,1212,"2023-04-17"
30482,1049,"2023-04-17"
234344,1659,"2023-04-17"
197889,1646,"2023-04-17"
129073,1732,"2023-04-17"
125038,1733,"2023-04-17"
99283,1524,"2023-04-17"
124692,1180,"2023-04-17"
125093,1782,"2023-04-17"
28586,1048,"2023-04-17"
36392,1594,"2023-04-17"
197466,1723,"2023-04-17"
124844,1249,"2023-04-17"
197563,1734,"2023-04-17"
197539,1558,"2023-04-17"
197527,1535,"2023-04-17"
197845,1637,"2023-04-17"
243979,1862,"2023-04-17"
197754,1537,"2023-04-17"
197738,1335,"2023-04-17"
124872,1253,"2023-04-17"
124846,1053,"2023-04-17"
112744,1244,"2023-04-17"
28224,1661,"2023-04-17"
40599,1150,"2023-04-17"
197619,1847,"2023-04-17"
136236,1082,"2023-04-17"
197828,1231,"2023-04-17"
197629,1850,"2023-04-17"
204414,1516,"2023-04-17"
197590,1638,"2023-04-17"
197663,1139,"2023-04-17"
38595,1029,"2023-04-17"
124704,1662,"2023-04-17"
197404,1663,"2023-04-17"
197765,1664,"2023-04-17"
204443,1856,"2023-04-17"
125706,1665,"2023-04-17"
239972,1736,"2023-04-17"
197820,1040,"2023-04-17"
202351,1854,"2023-04-17"
197764,1857,"2023-04-17"
124850,1666,"2023-04-17"
188945,1266,"2023-04-17"
197868,1737,"2023-04-17"
197544,1517,"2023-04-17"
96903,1039,"2023-04-17"
96998,1084,"2023-04-17"
197681,1230,"2023-04-17"
197488,1361,"2023-04-17"
103381,1009,"2023-04-17"
229839,1706,"2023-04-17"
197413,1667,"2023-04-17"
218347,1707,"2023-04-17"
197832,1248,"2023-04-17"
4253,1033,"2023-04-17"
229519,1738,"2023-04-17"
206158,1724,"2023-04-17"
96885,1739,"2023-04-17"
96743,1725,"2023-04-17"
197615,1851,"2023-04-17"
197801,1708,"2023-04-17"
125043,1306,"2023-04-17"
197785,1123,"2023-04-17"
4344,1740,"2023-04-17"
197584,1709,"2023-04-17"
197792,1710,"2023-04-17"
197776,1518,"2023-04-17"
204733,1595,"2023-04-17"
197709,1154,"2023-04-17"
197506,1726,"2023-04-17"
125214,1727,"2023-04-17"
204413,1311,"2023-04-17"
96653,1711,"2023-04-17"
197690,1437,"2023-04-17"
197773,1274,"2023-04-17"
127096,1378,"2023-04-17"
132366,1347,"2023-04-17"
197545,1596,"2023-04-17"
204368,1668,"2023-04-17"
125670,1669,"2023-04-17"
197722,1245,"2023-04-17"
24594,1202,"2023-04-17"
124781,1177,"2023-04-17"
197650,1712,"2023-04-17"
197578,1527,"2023-04-17"
112611,1264,"2023-04-17"
28297,1597,"2023-04-17"
197500,1728,"2023-04-17"
37312,1179,"2023-04-17"
213330,1778,"2023-04-17"
197670,1131,"2023-04-17"
190517,1003,"2023-04-17"
197656,1670,"2023-04-17"
197422,1671,"2023-04-17"
96646,1175,"2023-04-17"
125030,1672,"2023-04-17"
124837,1713,"2023-04-17"
28223,1269,"2023-04-17"
197425,1673,"2023-04-17"
197508,1011,"2023-04-17"
197418,1813,"2023-04-17"
197423,1729,"2023-04-17"
197677,1714,"2023-04-17"
197548,1674,"2023-04-17"
124747,1054,"2023-04-17"
103746,1095,"2023-04-17"
197426,1333,"2023-04-17"
96932,1316,"2023-04-17"
197390,1105,"2023-04-17"
197849,1598,"2023-04-17"
197791,1314,"2023-04-17"
204334,1599,"2023-04-17"
124710,1675,"2023-04-17"
197417,1338,"2023-04-17"
185974,1030,"2023-04-17"
197784,1741,"2023-04-17"
124834,1695,"2023-04-17"
197550,1730,"2023-04-17"
125064,1676,"2023-04-17"
197825,1600,"2023-04-17"
124852,1715,"2023-04-17"
239271,1677,"2023-04-17"
124929,1149,"2023-04-17"
58766,1472,"2023-04-17"
197772,1731,"2023-04-17"
134605,1742,"2023-04-17"
197553,1108,"2023-04-17"
125020,1242,"2023-04-17"
29579,1786,"2023-04-17"
204346,1602,"2023-04-17"
197806,1528,"2023-04-17"
197756,1716,"2023-04-17"
197655,1346,"2023-04-17"
204449,1197,"2023-04-17"
197831,1107,"2023-04-17"
197667,1678,"2023-04-17"
96776,1401,"2023-04-17"
197591,1239,"2023-04-17"
197402,1106,"2023-04-17"
197559,1603,"2023-04-17"
28340,1717,"2023-04-17"
197547,1743,"2023-04-17"
197672,1679,"2023-04-17"
96697,1428,"2023-04-17"
125104,1148,"2023-04-17"
124700,1257,"2023-04-17"
114268,1323,"2023-04-17"
96713,1604,"2023-04-17"
27714,1779,"2023-04-17"
97236,1056,"2023-04-17"
197580,1529,"2023-04-17"
197593,1744,"2023-04-17"
197894,1780,"2023-04-17"
197665,1034,"2023-04-17"
198183,1718,"2023-04-17"
197763,1691,"2023-04-17"
124705,1719,"2023-04-17"
131507,1124,"2023-04-17"
124972,1057,"2023-04-17"
197810,1234,"2023-04-17"
96698,1852,"2023-04-17"
28617,1680,"2023-04-17"
124934,1800,"2023-04-17"
5729,1178,"2023-04-17"
185771,1160,"2023-04-17"
129164,1681,"2023-04-17"
125106,1272,"2023-04-17"
197870,1801,"2023-04-17"
239257,1720,"2023-04-17"
130100,1194,"2023-04-17"
197502,1325,"2023-04-17"
96756,1259,"2023-04-17"
97058,1191,"2023-04-17"
125001,1112,"2023-04-17"
197827,1125,"2023-04-17"
197571,1081,"2023-04-17"
98582,1745,"2023-04-17"
199941,1721,"2023-04-17"
124726,1746,"2023-04-17"
124875,1114,"2023-04-17"
197844,1132,"2023-04-17"
197451,1802,"2023-04-17"
197537,1605,"2023-04-17"
96761,1332,"2023-04-17"
125065,1747,"2023-04-17"
197552,1110,"2023-04-17"
197798,1748,"2023-04-17"
204400,1142,"2023-04-17"
190464,1803,"2023-04-17"
197817,1452,"2023-04-17"
197863,1749,"2023-04-17"
197429,1750,"2023-04-17"
197405,1751,"2023-04-17"
28229,1015,"2023-04-17"
123562,1155,"2023-04-17"
197515,1196,"2023-04-17"
2323,1201,"2023-04-17"
197675,1804,"2023-04-17"
214839,1814,"2023-04-17"
197769,1815,"2023-04-17"
39725,1752,"2023-04-17"
197652,1101,"2023-04-17"
197421,1153,"2023-04-17"
124877,1683,"2023-04-17"
185619,1310,"2023-04-17"
5392,1722,"2023-04-17"
197511,1816,"2023-04-17"
197581,1817,"2023-04-17"
197842,1794,"2023-04-17"
125067,1753,"2023-04-17"
23712,1209,"2023-04-17"
197572,1684,"2023-04-17"
197586,1617,"2023-04-17"
124780,1019,"2023-04-17"
197606,1754,"2023-04-17"
28619,1841,"2023-04-17"
124713,1144,"2023-04-17"
28615,1069,"2023-04-17"
197489,1285,"2023-04-17"
124884,1156,"2023-04-17"
124739,1795,"2023-04-17"
185341,1061,"2023-04-17"
125237,1818,"2023-04-17"
96933,1755,"2023-04-17"
197495,1390,"2023-04-17"
197779,1480,"2023-04-17"
197501,1351,"2023-04-17"
38420,1206,"2023-04-17"
124812,1843,"2023-04-17"
183338,1319,"2023-04-17"
239258,1844,"2023-04-17"
197595,1562,"2023-04-17"
96899,1103,"2023-04-17"
124985,1453,"2023-04-17"
1992,1497,"2023-04-17"
197646,1501,"2023-04-17"
96779,1504,"2023-04-17"
28266,1400,"2023-04-17"
197520,1432,"2023-04-17"
192635,1443,"2023-04-17"
96796,1018,"2023-04-17"
96812,1240,"2023-04-17"
96791,1578,"2023-04-17"
197441,1632,"2023-04-17"
28400,1586,"2023-04-17"
197541,1512,"2023-04-17"
197573,1091,"2023-04-17"
237320,1735,"2023-04-17"
96801,1207,"2023-04-17"
239973,1254,"2023-04-17"
197787,1525,"2023-04-17"
243912,1526,"2023-04-17"
197935,1692,"2023-04-17"
197566,1840,"2023-04-17"
197621,1337,"2023-04-17"
197719,1380,"2023-04-17"
